{"cameraMode":{"drawMode":0,"name":"Shaded","section":"Shading Mode"},"sceneLighting":true,"audioPlay":false,"sceneViewState":{"m_AlwaysRefresh":false,"showFog":true,"showSkybox":true,"showFlares":true,"showImageEffects":true,"showParticleSystems":true,"showVisualEffectGraphs":true,"m_FxEnabled":true},"in2DMode":false,"pivot":{"x":747.4323120117188,"y":1513.3189697265625,"z":304.125732421875},"rotation":{"x":-0.22486627101898194,"y":-0.008183199912309647,"z":0.0019064231310039759,"w":-0.9743716716766357},"size":1637.783935546875,"orthographic":false}