{"cameraMode":{"drawMode":0,"name":"Shaded","section":"Shading Mode"},"sceneLighting":true,"audioPlay":false,"sceneViewState":{"m_AlwaysRefresh":false,"showFog":true,"showSkybox":true,"showFlares":true,"showImageEffects":true,"showParticleSystems":true,"showVisualEffectGraphs":true,"m_FxEnabled":true},"in2DMode":false,"pivot":{"x":-0.21821922063827516,"y":2.5785884857177736,"z":8.002572059631348},"rotation":{"x":-0.06712135672569275,"y":-0.027260176837444307,"z":-0.0018122162437066436,"w":0.9974384903907776},"size":4.394192218780518,"orthographic":false}