{"cameraMode":{"drawMode":0,"name":"Shaded","section":"Shading Mode"},"sceneLighting":true,"audioPlay":false,"sceneViewState":{"m_AlwaysRefresh":false,"showFog":true,"showSkybox":true,"showFlares":true,"showImageEffects":true,"showParticleSystems":true,"showVisualEffectGraphs":true,"m_FxEnabled":true},"in2DMode":false,"pivot":{"x":-0.40744641423225405,"y":3.6376285552978517,"z":0.9762814044952393},"rotation":{"x":-0.6190180778503418,"y":0.022854240611195566,"z":-0.01800423674285412,"w":-0.7848619818687439},"size":5.248645305633545,"orthographic":false}