{"cameraMode":{"drawMode":0,"name":"Shaded","section":"Shading Mode"},"sceneLighting":true,"audioPlay":false,"sceneViewState":{"m_AlwaysRefresh":false,"showFog":true,"showSkybox":true,"showFlares":true,"showImageEffects":true,"showParticleSystems":true,"showVisualEffectGraphs":true,"m_FxEnabled":true},"in2DMode":false,"pivot":{"x":-0.7051852345466614,"y":0.11067008972167969,"z":1.3257026672363282},"rotation":{"x":0.6675220131874085,"y":0.0009004719322547317,"z":-0.0007611127803102136,"w":0.7446911931037903},"size":5.709690093994141,"orthographic":false}