{"cameraMode":{"drawMode":0,"name":"Shaded","section":"Shading Mode"},"sceneLighting":true,"audioPlay":false,"sceneViewState":{"m_AlwaysRefresh":false,"showFog":true,"showSkybox":true,"showFlares":true,"showImageEffects":true,"showParticleSystems":true,"showVisualEffectGraphs":true,"m_FxEnabled":true},"in2DMode":false,"pivot":{"x":14.953115463256836,"y":-1.1870131492614747,"z":1.3889153003692628},"rotation":{"x":-0.007544226013123989,"y":0.6716783046722412,"z":0.0068516116589307789,"w":0.740807056427002},"size":13.608617782592774,"orthographic":false}