{"cameraMode":{"drawMode":0,"name":"Shaded","section":"Shading Mode"},"sceneLighting":true,"audioPlay":false,"sceneViewState":{"m_AlwaysRefresh":false,"showFog":true,"showSkybox":true,"showFlares":true,"showImageEffects":true,"showParticleSystems":true,"showVisualEffectGraphs":true,"m_FxEnabled":true},"in2DMode":false,"pivot":{"x":-0.8524947166442871,"y":-8.687873840332032,"z":-5.811980724334717},"rotation":{"x":-0.000309455645037815,"y":0.02309481054544449,"z":-0.000009602325008017942,"w":-0.9997398853302002},"size":14.635371208190918,"orthographic":false}