{"cameraMode":{"drawMode":0,"name":"Shaded","section":"Shading Mode"},"sceneLighting":true,"audioPlay":false,"sceneViewState":{"m_AlwaysRefresh":false,"showFog":true,"showSkybox":true,"showFlares":true,"showImageEffects":true,"showParticleSystems":true,"showVisualEffectGraphs":true,"m_FxEnabled":true},"in2DMode":false,"pivot":{"x":0.07907801866531372,"y":0.5862140655517578,"z":-0.364962100982666},"rotation":{"x":-0.5869556069374085,"y":-0.00558771938085556,"z":0.004053215030580759,"w":-0.809592068195343},"size":5.601378917694092,"orthographic":false}