{"cameraMode":{"drawMode":0,"name":"Shaded","section":"Shading Mode"},"sceneLighting":true,"audioPlay":false,"sceneViewState":{"m_AlwaysRefresh":false,"showFog":true,"showSkybox":true,"showFlares":true,"showImageEffects":true,"showParticleSystems":true,"showVisualEffectGraphs":true,"m_FxEnabled":true},"in2DMode":false,"pivot":{"x":14.68643856048584,"y":0.6934213638305664,"z":-0.09585213661193848},"rotation":{"x":-0.7711809277534485,"y":0.032768428325653079,"z":-0.039826225489377978,"w":-0.6345235109329224},"size":26.271059036254884,"orthographic":false}