{"cameraMode":{"drawMode":0,"name":"Shaded","section":"Shading Mode"},"sceneLighting":true,"audioPlay":false,"sceneViewState":{"m_AlwaysRefresh":false,"showFog":true,"showSkybox":true,"showFlares":true,"showImageEffects":true,"showParticleSystems":true,"showVisualEffectGraphs":true,"m_FxEnabled":true},"in2DMode":false,"pivot":{"x":7.28000020980835,"y":20.360000610351564,"z":-12.619999885559082},"rotation":{"x":0.6596915125846863,"y":-0.001213488751091063,"z":0.001390683464705944,"w":0.7516874670982361},"size":8.317895889282227,"orthographic":false}