{"cameraMode":{"drawMode":0,"name":"Shaded","section":"Shading Mode"},"sceneLighting":true,"audioPlay":false,"sceneViewState":{"m_AlwaysRefresh":false,"showFog":true,"showSkybox":true,"showFlares":true,"showImageEffects":true,"showParticleSystems":true,"showVisualEffectGraphs":true,"m_FxEnabled":true},"in2DMode":false,"pivot":{"x":-1.5909149646759034,"y":0.9231599569320679,"z":78.95855712890625},"rotation":{"x":0.24054841697216035,"y":0.23990994691848756,"z":-0.06122484803199768,"w":0.938653290271759},"size":1.0916391611099244,"orthographic":false}