{"cameraMode":{"drawMode":0,"name":"Shaded","section":"Shading Mode"},"sceneLighting":true,"audioPlay":false,"sceneViewState":{"m_AlwaysRefresh":false,"showFog":true,"showSkybox":true,"showFlares":true,"showImageEffects":true,"showParticleSystems":true,"showVisualEffectGraphs":true,"m_FxEnabled":true},"in2DMode":false,"pivot":{"x":-0.06514942646026612,"y":0.5765066146850586,"z":80.41291046142578},"rotation":{"x":-0.6106705665588379,"y":-0.025652969256043435,"z":0.01978560909628868,"w":-0.7912283539772034},"size":2.4794161319732668,"orthographic":false}