{"cameraMode":{"drawMode":0,"name":"Shaded","section":"Shading Mode"},"sceneLighting":true,"audioPlay":false,"sceneViewState":{"m_AlwaysRefresh":false,"showFog":true,"showSkybox":true,"showFlares":true,"showImageEffects":true,"showParticleSystems":true,"showVisualEffectGraphs":true,"m_FxEnabled":true},"in2DMode":false,"pivot":{"x":0.8143817782402039,"y":-4.145195007324219,"z":5.35047721862793},"rotation":{"x":0.531066358089447,"y":-0.002738209208473563,"z":0.0018843001453205944,"w":0.8474263548851013},"size":10.180408477783204,"orthographic":false}