{"cameraMode":{"drawMode":0,"name":"Shaded","section":"Shading Mode"},"sceneLighting":true,"audioPlay":false,"sceneViewState":{"m_AlwaysRefresh":false,"showFog":true,"showSkybox":true,"showFlares":true,"showImageEffects":true,"showParticleSystems":true,"showVisualEffectGraphs":true,"m_FxEnabled":true},"in2DMode":false,"pivot":{"x":-1.4956297874450684,"y":0.3151150941848755,"z":80.87459564208985},"rotation":{"x":-0.08165965974330902,"y":-0.15867801010608674,"z":0.013160301372408867,"w":-0.9838668704032898},"size":1.6600897312164307,"orthographic":false}