{"cameraMode":{"drawMode":0,"name":"Shaded","section":"Shading Mode"},"sceneLighting":true,"audioPlay":false,"sceneViewState":{"m_AlwaysRefresh":false,"showFog":true,"showSkybox":true,"showFlares":true,"showImageEffects":true,"showParticleSystems":true,"showVisualEffectGraphs":true,"m_FxEnabled":true},"in2DMode":false,"pivot":{"x":1.4130620956420899,"y":0.36645984649658205,"z":-1.4788930416107178},"rotation":{"x":0.25795605778694155,"y":0.565723717212677,"z":-0.19192935526371003,"w":0.7594490051269531},"size":4.1934967041015629,"orthographic":false}